seed,method,gene,beta,pvalue,converged,failure_mode
0,edger_qlf,gene_0,-0.152800408436886,0.705903699760411,True,
0,edger_qlf,gene_1,-1.35977015085945,0.0174149884923741,True,
0,edger_qlf,gene_2,-0.140129960800848,0.51851286936881,True,
0,edger_qlf,gene_3,-0.620271041680678,0.0632154912103129,True,
0,edger_qlf,gene_4,0.75122803648009,0.34302444342384,True,
0,edger_qlf,gene_5,0.189170101354772,0.588496556654166,True,
0,edger_qlf,gene_6,-0.0911956229536867,0.614363306981168,True,
0,edger_qlf,gene_7,0.0434630874087425,0.808034065762115,True,
0,edger_qlf,gene_8,0.601875940119649,0.574653023528685,True,
0,edger_qlf,gene_9,,,False,convergence
0,edger_qlf,gene_10,-0.512861819259052,0.521735884858667,True,
0,edger_qlf,gene_11,-0.80197062637554,0.102412894317017,True,
0,edger_qlf,gene_12,,,False,convergence
0,edger_qlf,gene_13,-1.01412841644696,0.0558013210841537,True,
0,edger_qlf,gene_14,,,False,convergence
0,edger_qlf,gene_15,-0.257268179287268,0.796841100641717,True,
0,edger_qlf,gene_16,0.792146718715443,0.392084259404541,True,
0,edger_qlf,gene_17,-0.516818440879971,0.457314137342182,True,
0,edger_qlf,gene_18,-0.0008241727414528,0.997546582250791,True,
0,edger_qlf,gene_19,-0.300034187605697,0.530739807748657,True,
0,edger_qlf,gene_20,1.20844894125872,0.0296031261365712,True,
0,edger_qlf,gene_21,0.059366639476751,0.656141794061328,True,
0,edger_qlf,gene_22,0.265038602680971,0.852958452176583,True,
0,edger_qlf,gene_23,0.290350496300351,0.410718340467514,True,
0,edger_qlf,gene_24,0.190769699876296,0.284531594052237,True,
0,edger_qlf,gene_25,-0.721003864681912,0.12843561815751,True,
0,edger_qlf,gene_26,,,False,convergence
0,edger_qlf,gene_27,,,False,convergence
0,edger_qlf,gene_28,0.558416258960179,0.499506132600838,True,
0,edger_qlf,gene_29,-0.149035665859572,0.654233225592871,True,
0,edger_qlf,gene_30,,,False,convergence
0,edger_qlf,gene_31,-0.452482139697008,0.463698543433867,True,
0,edger_qlf,gene_32,1.93204689959693,0.0017163763585463,True,
0,edger_qlf,gene_33,0.591668748224767,0.0673901655047232,True,
0,edger_qlf,gene_34,-0.217792222423198,0.600238370531237,True,
0,edger_qlf,gene_35,0.210664175798582,0.456199895501922,True,
0,edger_qlf,gene_36,-0.209994955487795,0.848810134024706,True,
0,edger_qlf,gene_37,-0.146856877261814,0.772973129620739,True,
0,edger_qlf,gene_38,-0.148104688771055,0.558353349006003,True,
0,edger_qlf,gene_39,0.0788107990096622,0.543901326928655,True,
0,edger_qlf,gene_40,,,False,convergence
0,edger_qlf,gene_41,0.0693916844998082,0.668630963999792,True,
0,edger_qlf,gene_42,-0.0738234567533207,0.741562833503563,True,
0,edger_qlf,gene_43,0.122486924030711,0.599423870357538,True,
0,edger_qlf,gene_44,0.0424826706083244,0.898373403649103,True,
0,edger_qlf,gene_45,0.335288927692932,0.647281185995763,True,
0,edger_qlf,gene_46,-0.199681058712031,0.251230810606431,True,
0,edger_qlf,gene_47,-0.190747560162708,0.531477655612699,True,
0,edger_qlf,gene_48,0.117202117952516,0.774160810985325,True,
0,edger_qlf,gene_49,-0.417939625863301,0.131242709274537,True,
0,limma_voom,gene_0,-0.345148570413258,0.416550948297477,True,
0,limma_voom,gene_1,-1.00642239539946,0.0770927867539023,True,
0,limma_voom,gene_2,-0.15582553829402,0.470958211802445,True,
0,limma_voom,gene_3,-0.625601578155745,0.0632110909656254,True,
0,limma_voom,gene_4,0.0987506711100961,0.879932003695406,True,
0,limma_voom,gene_5,0.425618605583169,0.293855401085328,True,
0,limma_voom,gene_6,-0.1258295801732,0.484249576390929,True,
0,limma_voom,gene_7,0.0133905785958311,0.939379271672206,True,
0,limma_voom,gene_8,0.34284360002219,0.621733269100469,True,
0,limma_voom,gene_9,,,False,convergence
0,limma_voom,gene_10,-0.181096836505985,0.774358754850068,True,
0,limma_voom,gene_11,-0.509586105240436,0.326845292788406,True,
0,limma_voom,gene_12,,,False,convergence
0,limma_voom,gene_13,-0.963589947527704,0.0813561095610832,True,
0,limma_voom,gene_14,,,False,convergence
0,limma_voom,gene_15,-0.188450009599872,0.75191970256454,True,
0,limma_voom,gene_16,1.08799152328571,0.118917464304544,True,
0,limma_voom,gene_17,-0.257584537334157,0.708727509031321,True,
0,limma_voom,gene_18,-0.040162546996558,0.903311052819739,True,
0,limma_voom,gene_19,-0.291627644705397,0.537037191782389,True,
0,limma_voom,gene_20,1.35999524300992,0.0096309094947376,True,
0,limma_voom,gene_21,0.0566349499020639,0.657720832076887,True,
0,limma_voom,gene_22,0.0604569227529734,0.929870570394847,True,
0,limma_voom,gene_23,0.272900213866222,0.437408922680001,True,
0,limma_voom,gene_24,0.159540607890781,0.368660467667108,True,
0,limma_voom,gene_25,-0.602449434789433,0.209751799262448,True,
0,limma_voom,gene_26,,,False,convergence
0,limma_voom,gene_27,,,False,convergence
0,limma_voom,gene_28,0.701061861490083,0.274429675516743,True,
0,limma_voom,gene_29,-0.087961613146555,0.801019425231564,True,
0,limma_voom,gene_30,,,False,convergence
0,limma_voom,gene_31,-0.196075086289443,0.783629643338508,True,
0,limma_voom,gene_32,1.9316224332486,0.0023655140267623,True,
0,limma_voom,gene_33,0.681330872994237,0.036366346521691,True,
0,limma_voom,gene_34,-0.105585292759935,0.8030838392625,True,
0,limma_voom,gene_35,0.151362949104132,0.607648952261912,True,
0,limma_voom,gene_36,-0.0047232983378932,0.993789094379096,True,
0,limma_voom,gene_37,-0.270750754501523,0.641283470334648,True,
0,limma_voom,gene_38,-0.173981798953268,0.484817826430606,True,
0,limma_voom,gene_39,0.0936270176090775,0.454243962433265,True,
0,limma_voom,gene_40,,,False,convergence
0,limma_voom,gene_41,0.0433237199640153,0.785111803119679,True,
0,limma_voom,gene_42,-0.0351315350396555,0.87244029575944,True,
0,limma_voom,gene_43,0.0997093624383694,0.663631299898389,True,
0,limma_voom,gene_44,-0.0160572159092944,0.962008451469516,True,
0,limma_voom,gene_45,-0.0708388584609626,0.924385965768469,True,
0,limma_voom,gene_46,-0.193036417380232,0.258822222236011,True,
0,limma_voom,gene_47,-0.0941976681292393,0.75137114359187,True,
0,limma_voom,gene_48,0.0824236435405044,0.832880281553595,True,
0,limma_voom,gene_49,-0.36410621890535,0.189946773493127,True,
1,edger_qlf,gene_0,0.408044903099236,0.202435786284875,True,
1,edger_qlf,gene_1,0.101402649332038,0.652093487173632,True,
1,edger_qlf,gene_2,0.357941419737423,0.271776363624239,True,
1,edger_qlf,gene_3,,,False,convergence
1,edger_qlf,gene_4,0.210563651202191,0.253348094988344,True,
1,edger_qlf,gene_5,-0.0782881148479103,0.812558325520807,True,
1,edger_qlf,gene_6,1.35539678031673,0.157013071196123,True,
1,edger_qlf,gene_7,-0.130980424875535,0.628457537817094,True,
1,edger_qlf,gene_8,0.16542997343076,0.708889813977897,True,
1,edger_qlf,gene_9,-0.130581694930244,0.718230801991237,True,
1,edger_qlf,gene_10,0.139786894701402,0.784349527015882,True,
1,edger_qlf,gene_11,-0.330994617745173,0.279719189112811,True,
1,edger_qlf,gene_12,-0.0844792699383743,0.934056261131337,True,
1,edger_qlf,gene_13,-0.685257555716496,0.320315792556257,True,
1,edger_qlf,gene_14,0.698776790805712,0.405777597133526,True,
1,edger_qlf,gene_15,0.239954034008144,0.360299882087687,True,
1,edger_qlf,gene_16,0.454720405935549,0.282862774415617,True,
1,edger_qlf,gene_17,0.951493798918466,0.156099546481454,True,
1,edger_qlf,gene_18,1.76874387996496,0.131728676315817,True,
1,edger_qlf,gene_19,-0.119849365108606,0.874157285007541,True,
1,edger_qlf,gene_20,-0.0894817332270907,0.846129503198807,True,
1,edger_qlf,gene_21,-0.471182812468055,0.404598832341188,True,
1,edger_qlf,gene_22,0.635210691455754,0.0060621008818562,True,
1,edger_qlf,gene_23,-0.136764058093894,0.434663687940348,True,
1,edger_qlf,gene_24,,,False,convergence
1,edger_qlf,gene_25,,,False,convergence
1,edger_qlf,gene_26,0.410703354406312,0.504753267442917,True,
1,edger_qlf,gene_27,-0.37979195740681,0.72501821589485,True,
1,edger_qlf,gene_28,-0.406280239179216,0.326653972244051,True,
1,edger_qlf,gene_29,0.67255790585652,0.113165720564374,True,
1,edger_qlf,gene_30,-0.0351913981284595,0.849757514741348,True,
1,edger_qlf,gene_31,,,False,convergence
1,edger_qlf,gene_32,-0.563817033636825,0.465506702538261,True,
1,edger_qlf,gene_33,0.450607138693602,0.0684132533170702,True,
1,edger_qlf,gene_34,-0.0712825285846739,0.748560546547838,True,
1,edger_qlf,gene_35,-0.128882525843624,0.583840308579963,True,
1,edger_qlf,gene_36,-1.18675409932643,0.172963728205516,True,
1,edger_qlf,gene_37,,,False,convergence
1,edger_qlf,gene_38,0.284256895262769,0.45121446871256,True,
1,edger_qlf,gene_39,-0.419744970912431,0.414751195166471,True,
1,edger_qlf,gene_40,,,False,convergence
1,edger_qlf,gene_41,0.506141608735409,0.661213500285433,True,
1,edger_qlf,gene_42,-0.504944218458084,0.28236434665317,True,
1,edger_qlf,gene_43,,,False,convergence
1,edger_qlf,gene_44,-0.01486090581413,0.975641624350032,True,
1,edger_qlf,gene_45,-0.478574387773234,0.354804363573471,True,
1,edger_qlf,gene_46,0.258405219775459,0.590903651893262,True,
1,edger_qlf,gene_47,0.75756096436348,0.3688516155862,True,
1,edger_qlf,gene_48,-0.229440649505275,0.398730555753457,True,
1,edger_qlf,gene_49,0.245235831545404,0.229865784364222,True,
1,limma_voom,gene_0,0.349276814854772,0.315002292287155,True,
1,limma_voom,gene_1,0.118626675345106,0.601465767375781,True,
1,limma_voom,gene_2,0.318429189485534,0.365347477642924,True,
1,limma_voom,gene_3,,,False,convergence
1,limma_voom,gene_4,0.184232857379071,0.32013524013514,True,
1,limma_voom,gene_5,-0.29157063967088,0.421624516050113,True,
1,limma_voom,gene_6,1.22057441062321,0.107361929293506,True,
1,limma_voom,gene_7,-0.0651229672521378,0.812871400183397,True,
1,limma_voom,gene_8,0.421979837185942,0.392747843281249,True,
1,limma_voom,gene_9,-0.272405933849966,0.514970529900534,True,
1,limma_voom,gene_10,-0.0589939489263235,0.907755008171938,True,
1,limma_voom,gene_11,-0.495495617446823,0.13444197677148,True,
1,limma_voom,gene_12,0.11255982528727,0.880144081978268,True,
1,limma_voom,gene_13,-0.498028728821507,0.496643307621506,True,
1,limma_voom,gene_14,0.563256203826875,0.47570047489535,True,
1,limma_voom,gene_15,0.277796965821223,0.302822858299358,True,
1,limma_voom,gene_16,0.45639072698041,0.31594511966294,True,
1,limma_voom,gene_17,1.28679637805118,0.055303699245445,True,
1,limma_voom,gene_18,0.789537378135924,0.259986155422274,True,
1,limma_voom,gene_19,-0.136800850904377,0.855051840124114,True,
1,limma_voom,gene_20,-0.0562473380241352,0.909487525032382,True,
1,limma_voom,gene_21,-0.457548231295383,0.425794430262914,True,
1,limma_voom,gene_22,0.63880222399379,0.0066777618139315,True,
1,limma_voom,gene_23,-0.156211222773898,0.3646012495744,True,
1,limma_voom,gene_24,,,False,convergence
1,limma_voom,gene_25,,,False,convergence
1,limma_voom,gene_26,1.01580678037137,0.174644237448744,True,
1,limma_voom,gene_27,-0.528545974568078,0.506282868860092,True,
1,limma_voom,gene_28,-0.447296231645332,0.329904230476638,True,
1,limma_voom,gene_29,0.59389068720294,0.205262599069537,True,
1,limma_voom,gene_30,-0.0343375851705121,0.85725467195943,True,
1,limma_voom,gene_31,,,False,convergence
1,limma_voom,gene_32,-0.711801878614202,0.372065188054469,True,
1,limma_voom,gene_33,0.512299694896713,0.040843833078309,True,
1,limma_voom,gene_34,-0.116465851109178,0.605113022835169,True,
1,limma_voom,gene_35,-0.14664703789822,0.535635665719554,True,
1,limma_voom,gene_36,-1.06374996675988,0.151126560388386,True,
1,limma_voom,gene_37,,,False,convergence
1,limma_voom,gene_38,0.3029380589111,0.471361958523276,True,
1,limma_voom,gene_39,0.0228913695193208,0.968349925542598,True,
1,limma_voom,gene_40,,,False,convergence
1,limma_voom,gene_41,-0.0531717851334511,0.94464953204909,True,
1,limma_voom,gene_42,-0.607435535563958,0.219395848614207,True,
1,limma_voom,gene_43,,,False,convergence
1,limma_voom,gene_44,0.05547532714928,0.919481741095717,True,
1,limma_voom,gene_45,-0.995495506818737,0.0949392758270211,True,
1,limma_voom,gene_46,0.488214302107577,0.341466056273732,True,
1,limma_voom,gene_47,0.559535189360801,0.481275362998871,True,
1,limma_voom,gene_48,-0.187531635146689,0.482754229435579,True,
1,limma_voom,gene_49,0.19695974589275,0.343542862422343,True,
2,edger_qlf,gene_0,-0.225894805599215,0.553259736247594,True,
2,edger_qlf,gene_1,-0.481242235192283,0.568696699339624,True,
2,edger_qlf,gene_2,-0.123022278340015,0.855329929517635,True,
2,edger_qlf,gene_3,,,False,convergence
2,edger_qlf,gene_4,0.0259272027095611,0.892322763857798,True,
2,edger_qlf,gene_5,-0.0459860921743659,0.817709628409216,True,
2,edger_qlf,gene_6,-0.697295749894848,0.278165718328759,True,
2,edger_qlf,gene_7,-0.0166189761388029,0.943318768317253,True,
2,edger_qlf,gene_8,-0.113666102992838,0.758207027468864,True,
2,edger_qlf,gene_9,1.0722301995123,0.26904012401085,True,
2,edger_qlf,gene_10,0.00514346536523,0.98129656137152,True,
2,edger_qlf,gene_11,0.961126368185971,0.175757196694187,True,
2,edger_qlf,gene_12,0.278337391116822,0.622864927676557,True,
2,edger_qlf,gene_13,0.777155700850293,0.482102363869081,True,
2,edger_qlf,gene_14,0.198012524863143,0.531216716353932,True,
2,edger_qlf,gene_15,-0.243259883885876,0.713649180527257,True,
2,edger_qlf,gene_16,0.198182345737471,0.517269906265585,True,
2,edger_qlf,gene_17,2.23023302773775,0.0419714393261481,True,
2,edger_qlf,gene_18,-0.398347275092741,0.292420396900616,True,
2,edger_qlf,gene_19,,,False,convergence
2,edger_qlf,gene_20,-0.169589374290657,0.426250461697466,True,
2,edger_qlf,gene_21,-0.19078639069855,0.634194490034953,True,
2,edger_qlf,gene_22,0.396120715046369,0.306880340364544,True,
2,edger_qlf,gene_23,0.26249957356349,0.414622134634512,True,
2,edger_qlf,gene_24,,,False,convergence
2,edger_qlf,gene_25,-0.106833299395106,0.73028668233415,True,
2,edger_qlf,gene_26,0.203056435922526,0.396461728337771,True,
2,edger_qlf,gene_27,,,False,convergence
2,edger_qlf,gene_28,,,False,convergence
2,edger_qlf,gene_29,,,False,convergence
2,edger_qlf,gene_30,0.576074372137715,0.0471302508658984,True,
2,edger_qlf,gene_31,0.16880218355276,0.685863054052198,True,
2,edger_qlf,gene_32,-0.0494143949458928,0.804320447302719,True,
2,edger_qlf,gene_33,0.0366422216611836,0.891587577125114,True,
2,edger_qlf,gene_34,-0.36801287344584,0.370912326929045,True,
2,edger_qlf,gene_35,0.17088612336489,0.636925892594283,True,
2,edger_qlf,gene_36,-0.745873084855772,0.204780724567667,True,
2,edger_qlf,gene_37,0.0191191462012089,0.939331747131263,True,
2,edger_qlf,gene_38,,,False,convergence
2,edger_qlf,gene_39,1.17796068628851,0.12966300424346,True,
2,edger_qlf,gene_40,0.74867906894259,0.0424399007691922,True,
2,edger_qlf,gene_41,-0.0651565740898905,0.756082433419952,True,
2,edger_qlf,gene_42,-1.06991375866289,0.286513009259529,True,
2,edger_qlf,gene_43,,,False,convergence
2,edger_qlf,gene_44,-1.08183608492458,0.184131677424101,True,
2,edger_qlf,gene_45,0.394632836777999,0.110441911007335,True,
2,edger_qlf,gene_46,-0.0118435914473364,0.987959462771802,True,
2,edger_qlf,gene_47,0.0775136799747852,0.754834649532188,True,
2,edger_qlf,gene_48,,,False,convergence
2,edger_qlf,gene_49,0.0475219409110884,0.835707180876585,True,
2,limma_voom,gene_0,-0.309370912131434,0.430460485441267,True,
2,limma_voom,gene_1,0.109362492766915,0.880045018251221,True,
2,limma_voom,gene_2,-0.279214943868874,0.637473021187983,True,
2,limma_voom,gene_3,,,False,convergence
2,limma_voom,gene_4,0.0281627400398363,0.881382643483767,True,
2,limma_voom,gene_5,-0.0418478843131784,0.826092807529711,True,
2,limma_voom,gene_6,-0.639792728847634,0.306749873180635,True,
2,limma_voom,gene_7,-0.0135770798521736,0.952096588519737,True,
2,limma_voom,gene_8,-0.162943702062569,0.663584777942654,True,
2,limma_voom,gene_9,0.738763932838699,0.302108701964896,True,
2,limma_voom,gene_10,-0.0170443265598055,0.935974258408487,True,
2,limma_voom,gene_11,1.1603710373161,0.0712705880128642,True,
2,limma_voom,gene_12,0.194099975324536,0.714235193637567,True,
2,limma_voom,gene_13,0.358807841149927,0.607831495706258,True,
2,limma_voom,gene_14,0.278688966418618,0.379439307912539,True,
2,limma_voom,gene_15,-0.876379504760382,0.221070976338619,True,
2,limma_voom,gene_16,0.299920618780887,0.32114669765622,True,
2,limma_voom,gene_17,1.79170610561447,0.010533027545591,True,
2,limma_voom,gene_18,-0.479425348599094,0.199436782596466,True,
2,limma_voom,gene_19,,,False,convergence
2,limma_voom,gene_20,-0.167000530257543,0.414149796181497,True,
2,limma_voom,gene_21,-0.286762162297132,0.467416301925386,True,
2,limma_voom,gene_22,0.459862135600743,0.25422839250698,True,
2,limma_voom,gene_23,0.164271168298487,0.606537111171829,True,
2,limma_voom,gene_24,,,False,convergence
2,limma_voom,gene_25,-0.140575394260883,0.641403249743326,True,
2,limma_voom,gene_26,0.168472199769599,0.480957322652132,True,
2,limma_voom,gene_27,,,False,convergence
2,limma_voom,gene_28,,,False,convergence
2,limma_voom,gene_29,,,False,convergence
2,limma_voom,gene_30,0.50405869896415,0.0744888625456959,True,
2,limma_voom,gene_31,0.2303990281442,0.582548512113205,True,
2,limma_voom,gene_32,-0.0499926714599774,0.792162806077058,True,
2,limma_voom,gene_33,0.0617232342682889,0.816938448132412,True,
2,limma_voom,gene_34,-0.360660585297441,0.371459860936152,True,
2,limma_voom,gene_35,0.151775624815031,0.665758285231944,True,
2,limma_voom,gene_36,-0.568513236782016,0.355738850053839,True,
2,limma_voom,gene_37,0.0105838834070231,0.965614913345224,True,
2,limma_voom,gene_38,,,False,convergence
2,limma_voom,gene_39,1.42315679130602,0.0327350503742788,True,
2,limma_voom,gene_40,0.833417571740924,0.0220743397778013,True,
2,limma_voom,gene_41,-0.0168322771444571,0.934615472553316,True,
2,limma_voom,gene_42,-0.985827967210907,0.140592176045913,True,
2,limma_voom,gene_43,,,False,convergence
2,limma_voom,gene_44,-1.15206822251305,0.0630613183581078,True,
2,limma_voom,gene_45,0.345323893917938,0.146028326205662,True,
2,limma_voom,gene_46,0.479004982819561,0.459388184038604,True,
2,limma_voom,gene_47,0.0418586802397416,0.863930395212825,True,
2,limma_voom,gene_48,,,False,convergence
2,limma_voom,gene_49,0.0712316325252473,0.749275097004475,True,
3,edger_qlf,gene_0,0.23245807528168,0.166494155873587,True,
3,edger_qlf,gene_1,,,False,convergence
3,edger_qlf,gene_2,0.162446804047052,0.568035643434046,True,
3,edger_qlf,gene_3,-0.186050565317827,0.823729567873679,True,
3,edger_qlf,gene_4,0.472159076307019,0.437910497407414,True,
3,edger_qlf,gene_5,0.11914729571689,0.821486417344521,True,
3,edger_qlf,gene_6,,,False,convergence
3,edger_qlf,gene_7,-1.53353934621182,0.0174041787113049,True,
3,edger_qlf,gene_8,0.262780953262223,0.825118120953557,True,
3,edger_qlf,gene_9,0.000766022407148,0.995592611265702,True,
3,edger_qlf,gene_10,-0.558952174885481,0.230496412178622,True,
3,edger_qlf,gene_11,0.0448469222248805,0.959382169235455,True,
3,edger_qlf,gene_12,-1.19204123949165,0.110817903765365,True,
3,edger_qlf,gene_13,0.410419885574588,0.630041138075475,True,
3,edger_qlf,gene_14,,,False,convergence
3,edger_qlf,gene_15,-0.544485482142495,0.475136831502591,True,
3,edger_qlf,gene_16,-0.119492644569357,0.685131207720412,True,
3,edger_qlf,gene_17,-0.681834124476757,0.265400455260705,True,
3,edger_qlf,gene_18,0.14737822038719,0.714413296743285,True,
3,edger_qlf,gene_19,0.475748198985174,0.473092476975647,True,
3,edger_qlf,gene_20,0.0815226717293597,0.851151480298776,True,
3,edger_qlf,gene_21,0.031076210653877,0.865976812016842,True,
3,edger_qlf,gene_22,0.0392322606816176,0.897000207560876,True,
3,edger_qlf,gene_23,-1.28088382055971,0.135969510398335,True,
3,edger_qlf,gene_24,0.369906787279205,0.570677958390835,True,
3,edger_qlf,gene_25,0.201697878463116,0.552001329648556,True,
3,edger_qlf,gene_26,-0.0332896383175456,0.76535496629951,True,
3,edger_qlf,gene_27,-0.447015431971437,0.444017318314481,True,
3,edger_qlf,gene_28,-0.46836366549266,0.53743955641199,True,
3,edger_qlf,gene_29,0.438954597095619,0.183044653306925,True,
3,edger_qlf,gene_30,,,False,convergence
3,edger_qlf,gene_31,-0.0045525126003897,0.994244883692954,True,
3,edger_qlf,gene_32,-0.0458391278709945,0.812061129218229,True,
3,edger_qlf,gene_33,-0.0901494397151633,0.712315841523455,True,
3,edger_qlf,gene_34,-0.761913075268436,0.0339678538084175,True,
3,edger_qlf,gene_35,0.295747860425294,0.27641441359021,True,
3,edger_qlf,gene_36,,,False,convergence
3,edger_qlf,gene_37,0.497980870005044,0.0752466519177137,True,
3,edger_qlf,gene_38,,,False,convergence
3,edger_qlf,gene_39,,,False,convergence
3,edger_qlf,gene_40,-0.163283708785339,0.635149056235045,True,
3,edger_qlf,gene_41,0.15553142812975,0.450832722265236,True,
3,edger_qlf,gene_42,0.571798474150232,0.381360088776863,True,
3,edger_qlf,gene_43,,,False,convergence
3,edger_qlf,gene_44,1.39642978290152,0.0137731508660502,True,
3,edger_qlf,gene_45,-0.0061530559733416,0.989250088049079,True,
3,edger_qlf,gene_46,0.086512115620669,0.626444810650726,True,
3,edger_qlf,gene_47,-0.181586085120397,0.295583571831279,True,
3,edger_qlf,gene_48,-0.281541548118128,0.454387709269525,True,
3,edger_qlf,gene_49,-0.245283897322591,0.301433718820792,True,
3,limma_voom,gene_0,0.211069385033163,0.198640869224041,True,
3,limma_voom,gene_1,,,False,convergence
3,limma_voom,gene_2,0.241430108922769,0.388110195860949,True,
3,limma_voom,gene_3,-0.456161705319295,0.495685773006179,True,
3,limma_voom,gene_4,0.509661275949177,0.386150430977208,True,
3,limma_voom,gene_5,-0.141414694115141,0.777328245541192,True,
3,limma_voom,gene_6,,,False,convergence
3,limma_voom,gene_7,-1.7655101944463,0.0074206960792088,True,
3,limma_voom,gene_8,-0.082196161346199,0.90357574559763,True,
3,limma_voom,gene_9,-0.0090805591080416,0.947478553364616,True,
3,limma_voom,gene_10,-0.539328099373839,0.265891611360824,True,
3,limma_voom,gene_11,0.111335828446153,0.88356156721531,True,
3,limma_voom,gene_12,-0.979806802543128,0.184266431074527,True,
3,limma_voom,gene_13,-0.126479349442051,0.855352212797748,True,
3,limma_voom,gene_14,,,False,convergence
3,limma_voom,gene_15,-0.456901703310694,0.565724097404836,True,
3,limma_voom,gene_16,-0.0809784957391075,0.784581647136973,True,
3,limma_voom,gene_17,-1.02118392826356,0.0884719454173403,True,
3,limma_voom,gene_18,0.101876259265173,0.813499580641863,True,
3,limma_voom,gene_19,0.639977880210503,0.366802191300227,True,
3,limma_voom,gene_20,0.161030057948437,0.717067159990919,True,
3,limma_voom,gene_21,0.0394356550965411,0.830457966321686,True,
3,limma_voom,gene_22,-0.0108920185741708,0.971087164479213,True,
3,limma_voom,gene_23,-1.09632792436769,0.165008935561549,True,
3,limma_voom,gene_24,0.660235983585728,0.336011507312413,True,
3,limma_voom,gene_25,0.109958087751414,0.752943487304226,True,
3,limma_voom,gene_26,-0.043218472041079,0.688181885863231,True,
3,limma_voom,gene_27,-0.196294868654868,0.748386586777039,True,
3,limma_voom,gene_28,-1.04400322547437,0.181208743053264,True,
3,limma_voom,gene_29,0.454195237484095,0.172298545465191,True,
3,limma_voom,gene_30,,,False,convergence
3,limma_voom,gene_31,-0.275261588603359,0.650787823351096,True,
3,limma_voom,gene_32,-0.041971368465224,0.835962462569128,True,
3,limma_voom,gene_33,-0.0474747995549686,0.848757870849164,True,
3,limma_voom,gene_34,-0.8784188244353,0.0172895119407829,True,
3,limma_voom,gene_35,0.323726519671289,0.23496643518525,True,
3,limma_voom,gene_36,,,False,convergence
3,limma_voom,gene_37,0.558205318893075,0.0547122684173065,True,
3,limma_voom,gene_38,,,False,convergence
3,limma_voom,gene_39,,,False,convergence
3,limma_voom,gene_40,-0.123002108701512,0.717458963546668,True,
3,limma_voom,gene_41,0.143746113618758,0.498783548397318,True,
3,limma_voom,gene_42,0.975493854477069,0.135826516155993,True,
3,limma_voom,gene_43,,,False,convergence
3,limma_voom,gene_44,1.6320974096674,0.0102374049287042,True,
3,limma_voom,gene_45,-0.0674488711455649,0.888242813782761,True,
3,limma_voom,gene_46,0.110698169956363,0.53999945996117,True,
3,limma_voom,gene_47,-0.169676287654974,0.350132664015762,True,
3,limma_voom,gene_48,-0.370815310498513,0.375392426502372,True,
3,limma_voom,gene_49,-0.2045256435538,0.41692235965835,True,
4,edger_qlf,gene_0,0.729184421058146,0.518681635852049,True,
4,edger_qlf,gene_1,0.107057424150665,0.843891667775801,True,
4,edger_qlf,gene_2,0.0417698563489063,0.856437174011308,True,
4,edger_qlf,gene_3,0.668683986363075,0.0370974316060463,True,
4,edger_qlf,gene_4,,,False,convergence
4,edger_qlf,gene_5,0.46539754252798,0.371820678614096,True,
4,edger_qlf,gene_6,1.00419229824218,0.259697777198125,True,
4,edger_qlf,gene_7,0.684565494354026,0.0990437929905241,True,
4,edger_qlf,gene_8,,,False,convergence
4,edger_qlf,gene_9,0.048512150048189,0.893627330941042,True,
4,edger_qlf,gene_10,0.515935835788167,0.157694911747122,True,
4,edger_qlf,gene_11,0.0362949734616024,0.824431607827647,True,
4,edger_qlf,gene_12,0.059409669003659,0.847889441610218,True,
4,edger_qlf,gene_13,-0.0061637759709963,0.981882730290387,True,
4,edger_qlf,gene_14,,,False,convergence
4,edger_qlf,gene_15,-0.015451834227153,0.927585472311243,True,
4,edger_qlf,gene_16,,,False,convergence
4,edger_qlf,gene_17,-0.0335248028216803,0.860728677293701,True,
4,edger_qlf,gene_18,-0.362546537995901,0.599513222536088,True,
4,edger_qlf,gene_19,,,False,convergence
4,edger_qlf,gene_20,-0.952001426054865,0.247367548726604,True,
4,edger_qlf,gene_21,0.295928392844684,0.762115337343136,True,
4,edger_qlf,gene_22,-0.300496588239104,0.415898481281938,True,
4,edger_qlf,gene_23,0.0605654137128473,0.905304014526321,True,
4,edger_qlf,gene_24,-0.158494949457538,0.433830249585749,True,
4,edger_qlf,gene_25,,,False,convergence
4,edger_qlf,gene_26,0.31773746138597,0.537160570111915,True,
4,edger_qlf,gene_27,,,False,convergence
4,edger_qlf,gene_28,-0.128218874399174,0.727487008692649,True,
4,edger_qlf,gene_29,,,False,convergence
4,edger_qlf,gene_30,1.12238771119662,0.14762810665536,True,
4,edger_qlf,gene_31,0.613405618662239,0.116211507859705,True,
4,edger_qlf,gene_32,,,False,convergence
4,edger_qlf,gene_33,-0.245016468648268,0.238617444107423,True,
4,edger_qlf,gene_34,0.443382635096561,0.3057431927205,True,
4,edger_qlf,gene_35,-0.116918103315217,0.579745321642927,True,
4,edger_qlf,gene_36,0.25211195172427,0.308269679511559,True,
4,edger_qlf,gene_37,,,False,convergence
4,edger_qlf,gene_38,0.106450285538505,0.851633163039736,True,
4,edger_qlf,gene_39,0.970829842483647,0.110912003093114,True,
4,edger_qlf,gene_40,-0.079959234236608,0.769363107934855,True,
4,edger_qlf,gene_41,-0.44754884547379,0.122055353047813,True,
4,edger_qlf,gene_42,-1.64904847640812,0.113921843787091,True,
4,edger_qlf,gene_43,0.0481784291962954,0.994102430038134,True,
4,edger_qlf,gene_44,-2.1234613295487,0.0695399639652172,True,
4,edger_qlf,gene_45,-1.39461607008305,0.143611024630272,True,
4,edger_qlf,gene_46,-0.933785030467405,0.160485023845054,True,
4,edger_qlf,gene_47,-0.0394373985198586,0.941501755392555,True,
4,edger_qlf,gene_48,-0.0688518660447454,0.653351897360222,True,
4,edger_qlf,gene_49,-0.211370776732563,0.791157147751389,True,
4,limma_voom,gene_0,0.6092078640313,0.414576682799917,True,
4,limma_voom,gene_1,0.122635544978769,0.817313917973735,True,
4,limma_voom,gene_2,-0.119391247500441,0.594527985077439,True,
4,limma_voom,gene_3,0.536962132741658,0.0837520775164618,True,
4,limma_voom,gene_4,,,False,convergence
4,limma_voom,gene_5,0.102532194780169,0.856954899810619,True,
4,limma_voom,gene_6,0.960929004230152,0.154677601947538,True,
4,limma_voom,gene_7,0.607771216487101,0.167819512039196,True,
4,limma_voom,gene_8,,,False,convergence
4,limma_voom,gene_9,-0.0176807212955289,0.960893796970189,True,
4,limma_voom,gene_10,0.558427252237549,0.118965015719134,True,
4,limma_voom,gene_11,0.0083473552821332,0.958961075958116,True,
4,limma_voom,gene_12,0.0295206225655354,0.924775177801448,True,
4,limma_voom,gene_13,0.0030883351012187,0.991192237380845,True,
4,limma_voom,gene_14,,,False,convergence
4,limma_voom,gene_15,-0.0392807442642017,0.809177543568448,True,
4,limma_voom,gene_16,,,False,convergence
4,limma_voom,gene_17,-0.0230924956982437,0.903145580564442,True,
4,limma_voom,gene_18,-0.170794184309546,0.79827295271845,True,
4,limma_voom,gene_19,,,False,convergence
4,limma_voom,gene_20,-1.15885179690326,0.0919780027087894,True,
4,limma_voom,gene_21,0.0699471830202394,0.924966715153502,True,
4,limma_voom,gene_22,-0.292840807631584,0.439316075694914,True,
4,limma_voom,gene_23,-0.149682816582096,0.787364254804308,True,
4,limma_voom,gene_24,-0.132141647969997,0.513825296593224,True,
4,limma_voom,gene_25,,,False,convergence
4,limma_voom,gene_26,-0.043274059331638,0.938850590215808,True,
4,limma_voom,gene_27,,,False,convergence
4,limma_voom,gene_28,-0.0029262598350847,0.993540586141664,True,
4,limma_voom,gene_29,,,False,convergence
4,limma_voom,gene_30,0.677417028078329,0.344479170372891,True,
4,limma_voom,gene_31,0.738733405441637,0.0647233743547053,True,
4,limma_voom,gene_32,,,False,convergence
4,limma_voom,gene_33,-0.228604288314679,0.272740632220647,True,
4,limma_voom,gene_34,0.388559372144846,0.376626475258125,True,
4,limma_voom,gene_35,-0.100462535424449,0.640775688565292,True,
4,limma_voom,gene_36,0.297511916900528,0.228852388434029,True,
4,limma_voom,gene_37,,,False,convergence
4,limma_voom,gene_38,-0.147875951251609,0.830425555489367,True,
4,limma_voom,gene_39,0.837229659939123,0.16206725819939,True,
4,limma_voom,gene_40,-0.0911056673830345,0.740625185539696,True,
4,limma_voom,gene_41,-0.420476442076893,0.153512316719753,True,
4,limma_voom,gene_42,-1.32678471425857,0.0582527870470639,True,
4,limma_voom,gene_43,-0.145378956493531,0.835557655970504,True,
4,limma_voom,gene_44,-1.31173070591703,0.0590492390566335,True,
4,limma_voom,gene_45,-1.23010258466861,0.100942517916897,True,
4,limma_voom,gene_46,-0.433028192688778,0.534593971182912,True,
4,limma_voom,gene_47,0.0159844188335334,0.977113851336402,True,
4,limma_voom,gene_48,-0.0784782653974043,0.596001264527224,True,
4,limma_voom,gene_49,-0.193220467246249,0.780100131009774,True,
5,edger_qlf,gene_0,-0.38644466323253,0.733861441574457,True,
5,edger_qlf,gene_1,,,False,convergence
5,edger_qlf,gene_2,-0.177139550413159,0.788618959828391,True,
5,edger_qlf,gene_3,0.140434116769819,0.675051812618439,True,
5,edger_qlf,gene_4,0.0301227445874129,0.881627807883351,True,
5,edger_qlf,gene_5,0.0760964444931489,0.858001446341003,True,
5,edger_qlf,gene_6,-0.955087774964714,0.343082709662697,True,
5,edger_qlf,gene_7,0.105014219856989,0.981606921563954,True,
5,edger_qlf,gene_8,-0.205350918435181,0.312264286287761,True,
5,edger_qlf,gene_9,-0.117045635903997,0.313890651969871,True,
5,edger_qlf,gene_10,0.203152286006554,0.546597492334972,True,
5,edger_qlf,gene_11,,,False,convergence
5,edger_qlf,gene_12,,,False,convergence
5,edger_qlf,gene_13,-0.190992533034295,0.120473474698013,True,
5,edger_qlf,gene_14,0.0901953735442617,0.814968784133406,True,
5,edger_qlf,gene_15,,,False,convergence
5,edger_qlf,gene_16,-0.236221137367887,0.658778106436709,True,
5,edger_qlf,gene_17,,,False,convergence
5,edger_qlf,gene_18,0.0351112167862304,0.949490879580952,True,
5,edger_qlf,gene_19,-0.360130852335639,0.653186046423636,True,
5,edger_qlf,gene_20,0.228410963319367,0.82072971202019,True,
5,edger_qlf,gene_21,0.0843072542304859,0.754104675143137,True,
5,edger_qlf,gene_22,-0.803104326016709,0.123136367744972,True,
5,edger_qlf,gene_23,-0.46526427167996,0.599095872909916,True,
5,edger_qlf,gene_24,-0.190796972142522,0.522226634314753,True,
5,edger_qlf,gene_25,-0.209362207103184,0.359584159533643,True,
5,edger_qlf,gene_26,,,False,convergence
5,edger_qlf,gene_27,0.482764560357711,0.484195743676468,True,
5,edger_qlf,gene_28,,,False,convergence
5,edger_qlf,gene_29,0.330727735614162,0.576849221921886,True,
5,edger_qlf,gene_30,,,False,convergence
5,edger_qlf,gene_31,-0.162004660632055,0.7409763030631,True,
5,edger_qlf,gene_32,0.363123857849354,0.477666383074783,True,
5,edger_qlf,gene_33,0.54004473061703,0.3851672338592,True,
5,edger_qlf,gene_34,,,False,convergence
5,edger_qlf,gene_35,-0.411169861792021,0.571079777161769,True,
5,edger_qlf,gene_36,,,False,convergence
5,edger_qlf,gene_37,,,False,convergence
5,edger_qlf,gene_38,-0.117016957872494,0.739572393034071,True,
5,edger_qlf,gene_39,,,False,convergence
5,edger_qlf,gene_40,0.117815466214651,0.494206545858238,True,
5,edger_qlf,gene_41,-0.0001067649262687,0.999639799048908,True,
5,edger_qlf,gene_42,,,False,convergence
5,edger_qlf,gene_43,-0.215277639895134,0.531723426410934,True,
5,edger_qlf,gene_44,-1.15145077040456,0.472011338405625,True,
5,edger_qlf,gene_45,0.488013292030195,0.29906166325562,True,
5,edger_qlf,gene_46,0.503197112941795,0.251781754071832,True,
5,edger_qlf,gene_47,,,False,convergence
5,edger_qlf,gene_48,0.768670620626711,0.19460189718488,True,
5,edger_qlf,gene_49,0.887830004713087,0.204469569285785,True,
5,limma_voom,gene_0,-0.355655787032192,0.616958654357575,True,
5,limma_voom,gene_1,,,False,convergence
5,limma_voom,gene_2,-0.0183814247352214,0.97689737650589,True,
5,limma_voom,gene_3,0.184306609942583,0.58021130581325,True,
5,limma_voom,gene_4,0.0113240847689011,0.95611138679256,True,
5,limma_voom,gene_5,-0.0350492057986006,0.933830954188758,True,
5,limma_voom,gene_6,-0.728323372618865,0.296120525343183,True,
5,limma_voom,gene_7,-0.0625591355219895,0.929098281492316,True,
5,limma_voom,gene_8,-0.188953704037065,0.387976678648603,True,
5,limma_voom,gene_9,-0.124367098489645,0.221787122665041,True,
5,limma_voom,gene_10,0.138837054316126,0.676780258755274,True,
5,limma_voom,gene_11,,,False,convergence
5,limma_voom,gene_12,,,False,convergence
5,limma_voom,gene_13,-0.163346862373929,0.131731395459712,True,
5,limma_voom,gene_14,0.185094188237474,0.628055524573975,True,
5,limma_voom,gene_15,,,False,convergence
5,limma_voom,gene_16,-0.326404616930041,0.532409274094142,True,
5,limma_voom,gene_17,,,False,convergence
5,limma_voom,gene_18,-0.11515244555657,0.866736003137657,True,
5,limma_voom,gene_19,-0.584631133723145,0.391533698969427,True,
5,limma_voom,gene_20,0.134262398124816,0.850812909484982,True,
5,limma_voom,gene_21,0.149515763815635,0.581721095663089,True,
5,limma_voom,gene_22,-0.801854647940044,0.12394346341234,True,
5,limma_voom,gene_23,-0.645008058851352,0.370598552882919,True,
5,limma_voom,gene_24,-0.203733391026093,0.482709407575346,True,
5,limma_voom,gene_25,-0.196246519812902,0.422294599549686,True,
5,limma_voom,gene_26,,,False,convergence
5,limma_voom,gene_27,0.536979254058733,0.405399988455447,True,
5,limma_voom,gene_28,,,False,convergence
5,limma_voom,gene_29,0.255578320763871,0.675808659360989,True,
5,limma_voom,gene_30,,,False,convergence
5,limma_voom,gene_31,0.0406194342274286,0.933059556283344,True,
5,limma_voom,gene_32,0.268460292470175,0.593292652301334,True,
5,limma_voom,gene_33,0.540397572103019,0.363590336200037,True,
5,limma_voom,gene_34,,,False,convergence
5,limma_voom,gene_35,-0.0426908826228516,0.948616358709792,True,
5,limma_voom,gene_36,,,False,convergence
5,limma_voom,gene_37,,,False,convergence
5,limma_voom,gene_38,-0.108367634105556,0.758479990539064,True,
5,limma_voom,gene_39,,,False,convergence
5,limma_voom,gene_40,0.0792717765546033,0.663487604729225,True,
5,limma_voom,gene_41,0.0198681863760645,0.929181072977177,True,
5,limma_voom,gene_42,,,False,convergence
5,limma_voom,gene_43,-0.259833710236401,0.431761621258126,True,
5,limma_voom,gene_44,-0.706615984716235,0.296541988641805,True,
5,limma_voom,gene_45,0.503543098854791,0.269262931531126,True,
5,limma_voom,gene_46,0.659612030419638,0.1353438565543,True,
5,limma_voom,gene_47,,,False,convergence
5,limma_voom,gene_48,0.361283307505601,0.517226738962695,True,
5,limma_voom,gene_49,1.10053204579266,0.113121097635746,True,
6,edger_qlf,gene_0,-0.0743162678073167,0.62235594668765,True,
6,edger_qlf,gene_1,0.0336461711147299,0.781748606396756,True,
6,edger_qlf,gene_2,,,False,convergence
6,edger_qlf,gene_3,-0.687800614347418,0.239791434671507,True,
6,edger_qlf,gene_4,-0.816607853992791,0.0080723178118112,True,
6,edger_qlf,gene_5,0.224332965123094,0.550225242302006,True,
6,edger_qlf,gene_6,0.268995490915148,0.283813189571724,True,
6,edger_qlf,gene_7,-0.0977998127647701,0.484633181876534,True,
6,edger_qlf,gene_8,-0.379681378448757,0.3853604451212,True,
6,edger_qlf,gene_9,-0.107499084340588,0.654931690081425,True,
6,edger_qlf,gene_10,0.580733404472114,0.185318895811657,True,
6,edger_qlf,gene_11,,,False,convergence
6,edger_qlf,gene_12,-0.170125919035368,0.875141473179349,True,
6,edger_qlf,gene_13,-0.572042611161284,0.0793839551883899,True,
6,edger_qlf,gene_14,1.31273270427493,0.188588557313465,True,
6,edger_qlf,gene_15,0.111807058097347,0.400304538058881,True,
6,edger_qlf,gene_16,0.332313179840155,0.369355593693689,True,
6,edger_qlf,gene_17,-0.18625007177354,0.212467758614131,True,
6,edger_qlf,gene_18,-0.0441943057044258,0.915152036142413,True,
6,edger_qlf,gene_19,0.171678087973008,0.401644333018638,True,
6,edger_qlf,gene_20,,,False,convergence
6,edger_qlf,gene_21,0.297583313046033,0.774793814244558,True,
6,edger_qlf,gene_22,-0.149956825272644,0.74030870765698,True,
6,edger_qlf,gene_23,0.79048342513024,0.0567711094480369,True,
6,edger_qlf,gene_24,,,False,convergence
6,edger_qlf,gene_25,,,False,convergence
6,edger_qlf,gene_26,0.286555600671303,0.477779930717957,True,
6,edger_qlf,gene_27,-1.17389055222625,0.313098197297865,True,
6,edger_qlf,gene_28,0.173064218788879,0.340265267675332,True,
6,edger_qlf,gene_29,-0.263945550305609,0.277143420394492,True,
6,edger_qlf,gene_30,-0.412126467469577,0.315979711946441,True,
6,edger_qlf,gene_31,-0.351529753137887,0.365521738544007,True,
6,edger_qlf,gene_32,0.332290502733477,0.0641972274351013,True,
6,edger_qlf,gene_33,-0.2516238306515,0.666281303893479,True,
6,edger_qlf,gene_34,-0.0568387227514948,0.870548973411313,True,
6,edger_qlf,gene_35,-0.453759481969972,0.669201066000579,True,
6,edger_qlf,gene_36,0.465114623051921,0.442874196879823,True,
6,edger_qlf,gene_37,1.06738151898991,0.38517765666261,True,
6,edger_qlf,gene_38,-0.412945392037266,0.103799441204384,True,
6,edger_qlf,gene_39,0.692795560985167,0.124965035935227,True,
6,edger_qlf,gene_40,1.24389540117961,0.26430989148165,True,
6,edger_qlf,gene_41,0.0179438685451005,0.886154426611764,True,
6,edger_qlf,gene_42,-0.900484798756933,0.280932205141788,True,
6,edger_qlf,gene_43,-0.731084664510621,0.189262358252633,True,
6,edger_qlf,gene_44,-0.226389181791579,0.420463512110527,True,
6,edger_qlf,gene_45,-0.23839981408861,0.333009082973467,True,
6,edger_qlf,gene_46,0.123647061545187,0.808110471921071,True,
6,edger_qlf,gene_47,-0.0454809418631637,0.852482091804778,True,
6,edger_qlf,gene_48,-0.0994863669707689,0.813610475451682,True,
6,edger_qlf,gene_49,,,False,convergence
6,limma_voom,gene_0,-0.0893099289645535,0.562984542428146,True,
6,limma_voom,gene_1,0.036725759010919,0.75623532983424,True,
6,limma_voom,gene_2,,,False,convergence
6,limma_voom,gene_3,-0.835923917958471,0.205624324043989,True,
6,limma_voom,gene_4,-0.65657767289061,0.0401067886349005,True,
6,limma_voom,gene_5,0.189410361201601,0.62938747305422,True,
6,limma_voom,gene_6,0.335488978506312,0.175395541076799,True,
6,limma_voom,gene_7,-0.112213712330808,0.420921785180786,True,
6,limma_voom,gene_8,-0.5690992452701,0.260740200081083,True,
6,limma_voom,gene_9,-0.107346368297696,0.661732601215832,True,
6,limma_voom,gene_10,0.647254715088488,0.157809463235235,True,
6,limma_voom,gene_11,,,False,convergence
6,limma_voom,gene_12,-0.052263897293908,0.936769042090305,True,
6,limma_voom,gene_13,-0.723928947328357,0.0678180579220142,True,
6,limma_voom,gene_14,1.30499298181718,0.0855421677641002,True,
6,limma_voom,gene_15,0.119469060216135,0.381124003144151,True,
6,limma_voom,gene_16,0.149931872378386,0.690212895653155,True,
6,limma_voom,gene_17,-0.170220681934474,0.24925111444837,True,
6,limma_voom,gene_18,0.0189723721504178,0.964358377215951,True,
6,limma_voom,gene_19,0.230060153778195,0.26245219833061,True,
6,limma_voom,gene_20,,,False,convergence
6,limma_voom,gene_21,0.243993764810738,0.731087000093787,True,
6,limma_voom,gene_22,0.0213174408399706,0.963866470530681,True,
6,limma_voom,gene_23,0.894868655217354,0.045530783805252,True,
6,limma_voom,gene_24,,,False,convergence
6,limma_voom,gene_25,,,False,convergence
6,limma_voom,gene_26,0.212887241507232,0.5966256863036,True,
6,limma_voom,gene_27,-0.521993112692206,0.444889734963847,True,
6,limma_voom,gene_28,0.199071318749937,0.290697219657615,True,
6,limma_voom,gene_29,-0.259045569380254,0.298929851204265,True,
6,limma_voom,gene_30,-0.325521354644017,0.460526279807654,True,
6,limma_voom,gene_31,-0.522418188317868,0.216475500595713,True,
6,limma_voom,gene_32,0.350282651560484,0.0529129626929691,True,
6,limma_voom,gene_33,-0.460858805778141,0.443413143445923,True,
6,limma_voom,gene_34,0.0718430075238502,0.835004352493959,True,
6,limma_voom,gene_35,-0.430944515888031,0.577431196575888,True,
6,limma_voom,gene_36,0.323092950525263,0.61324056973689,True,
6,limma_voom,gene_37,0.818340295058549,0.275175468547452,True,
6,limma_voom,gene_38,-0.406898413355712,0.110097134788503,True,
6,limma_voom,gene_39,0.80281692269283,0.0863060127805751,True,
6,limma_voom,gene_40,0.71227403913576,0.334786643429946,True,
6,limma_voom,gene_41,0.0198606870453152,0.868490467661034,True,
6,limma_voom,gene_42,-1.40134115872636,0.0822137060499349,True,
6,limma_voom,gene_43,-0.579696018488644,0.360249935864242,True,
6,limma_voom,gene_44,-0.179623802628184,0.535738008373595,True,
6,limma_voom,gene_45,-0.227935028209122,0.360182780537278,True,
6,limma_voom,gene_46,0.130313756016089,0.801013974918977,True,
6,limma_voom,gene_47,-0.0434643246946782,0.858497402166235,True,
6,limma_voom,gene_48,-0.0760319705312942,0.861492532643658,True,
6,limma_voom,gene_49,,,False,convergence
7,edger_qlf,gene_0,0.0664166826978654,0.889497673100056,True,
7,edger_qlf,gene_1,-0.638978744082664,0.0791221517040612,True,
7,edger_qlf,gene_2,1.11799972069646,0.0833695661424593,True,
7,edger_qlf,gene_3,,,False,convergence
7,edger_qlf,gene_4,0.296749720332467,0.713355123445245,True,
7,edger_qlf,gene_5,,,False,convergence
7,edger_qlf,gene_6,-0.894097372032515,0.029973146393562,True,
7,edger_qlf,gene_7,0.144249769876717,0.562930969490609,True,
7,edger_qlf,gene_8,-0.955913328391801,0.196480544757436,True,
7,edger_qlf,gene_9,-1.92223902515752,0.0809672557054211,True,
7,edger_qlf,gene_10,-0.203798073298084,0.511435979092554,True,
7,edger_qlf,gene_11,0.989708836738043,0.0023125387277772,True,
7,edger_qlf,gene_12,-0.229406227813315,0.579523222730226,True,
7,edger_qlf,gene_13,-1.33800917551556,0.257752920713478,True,
7,edger_qlf,gene_14,0.400040064732835,0.401575341598597,True,
7,edger_qlf,gene_15,-0.26122433967078,0.310662882187003,True,
7,edger_qlf,gene_16,,,False,convergence
7,edger_qlf,gene_17,0.26783561756304,0.714283369834898,True,
7,edger_qlf,gene_18,,,False,convergence
7,edger_qlf,gene_19,,,False,convergence
7,edger_qlf,gene_20,,,False,convergence
7,edger_qlf,gene_21,-0.426340348526132,0.532286532970311,True,
7,edger_qlf,gene_22,,,False,convergence
7,edger_qlf,gene_23,-0.217706028142863,0.540903687938979,True,
7,edger_qlf,gene_24,-0.294639065844026,0.425673893475067,True,
7,edger_qlf,gene_25,-0.0027035970806796,0.992136331146096,True,
7,edger_qlf,gene_26,,,False,convergence
7,edger_qlf,gene_27,-0.287201797005408,0.770853593440757,True,
7,edger_qlf,gene_28,0.33462732468528,0.460610660680029,True,
7,edger_qlf,gene_29,-0.344357965977221,0.42516247024326,True,
7,edger_qlf,gene_30,,,False,convergence
7,edger_qlf,gene_31,0.542108068407397,0.510327699313692,True,
7,edger_qlf,gene_32,,,False,convergence
7,edger_qlf,gene_33,-0.692933272103817,0.564630162011837,True,
7,edger_qlf,gene_34,0.180558240237362,0.464329122837142,True,
7,edger_qlf,gene_35,-0.935963072184666,0.438272182665576,True,
7,edger_qlf,gene_36,-0.850157604027388,0.0782057023313258,True,
7,edger_qlf,gene_37,0.188481034932467,0.45281724326663,True,
7,edger_qlf,gene_38,0.287281701411595,0.776026798863907,True,
7,edger_qlf,gene_39,-0.419362179687818,0.424876332345057,True,
7,edger_qlf,gene_40,0.203540213223481,0.630911011407704,True,
7,edger_qlf,gene_41,0.304408436806151,0.452978657060186,True,
7,edger_qlf,gene_42,,,False,convergence
7,edger_qlf,gene_43,0.3749623180174,0.382624653886825,True,
7,edger_qlf,gene_44,0.351043079429717,0.144990802203118,True,
7,edger_qlf,gene_45,,,False,convergence
7,edger_qlf,gene_46,-0.37875800077069,0.191340139145728,True,
7,edger_qlf,gene_47,-0.355220108542417,0.37562885154641,True,
7,edger_qlf,gene_48,0.17952664637141,0.854460072721568,True,
7,edger_qlf,gene_49,1.00284278718331,0.0011471825691821,True,
7,limma_voom,gene_0,0.128363978681288,0.784973778158203,True,
7,limma_voom,gene_1,-0.528225948846252,0.175567528539471,True,
7,limma_voom,gene_2,1.2256068498054,0.0374676719498805,True,
7,limma_voom,gene_3,,,False,convergence
7,limma_voom,gene_4,0.56105550525476,0.420842692345224,True,
7,limma_voom,gene_5,,,False,convergence
7,limma_voom,gene_6,-0.84647772303062,0.0340328964790399,True,
7,limma_voom,gene_7,0.144020771483603,0.573335715760907,True,
7,limma_voom,gene_8,-0.876546627801705,0.183901737103638,True,
7,limma_voom,gene_9,-0.872887516824295,0.228197854581517,True,
7,limma_voom,gene_10,-0.174186273321158,0.59649212593499,True,
7,limma_voom,gene_11,1.01050165010226,0.0026805386686016,True,
7,limma_voom,gene_12,-0.0595970665050881,0.88378311054607,True,
7,limma_voom,gene_13,-0.58964038731241,0.410992002486467,True,
7,limma_voom,gene_14,0.510082869093069,0.305226840307652,True,
7,limma_voom,gene_15,-0.321380400026671,0.245253624256997,True,
7,limma_voom,gene_16,,,False,convergence
7,limma_voom,gene_17,0.282002465492282,0.671555715479961,True,
7,limma_voom,gene_18,,,False,convergence
7,limma_voom,gene_19,,,False,convergence
7,limma_voom,gene_20,,,False,convergence
7,limma_voom,gene_21,-0.841862730700645,0.212233664675608,True,
7,limma_voom,gene_22,,,False,convergence
7,limma_voom,gene_23,-0.185031072690007,0.609517493357915,True,
7,limma_voom,gene_24,-0.317055765689598,0.388918746741628,True,
7,limma_voom,gene_25,0.0918123187476571,0.85482203929363,True,
7,limma_voom,gene_26,,,False,convergence
7,limma_voom,gene_27,-0.267891306364149,0.715407226427427,True,
7,limma_voom,gene_28,0.232397966274307,0.592316576586959,True,
7,limma_voom,gene_29,-0.279330428950482,0.53185682589034,True,
7,limma_voom,gene_30,,,False,convergence
7,limma_voom,gene_31,0.6867207171536,0.308576167079146,True,
7,limma_voom,gene_32,,,False,convergence
7,limma_voom,gene_33,-0.266941270593163,0.707953832511666,True,
7,limma_voom,gene_34,0.170790249705391,0.491526537066951,True,
7,limma_voom,gene_35,-0.626615448547157,0.382532246427772,True,
7,limma_voom,gene_36,-0.9931721027149,0.0377192236496891,True,
7,limma_voom,gene_37,0.173509708078603,0.515701640798294,True,
7,limma_voom,gene_38,0.524442371082226,0.470034206717004,True,
7,limma_voom,gene_39,-0.262502563836402,0.5975289891561,True,
7,limma_voom,gene_40,0.261659451567182,0.528425114439075,True,
7,limma_voom,gene_41,0.218635643635387,0.579555413389019,True,
7,limma_voom,gene_42,,,False,convergence
7,limma_voom,gene_43,0.389558251420219,0.344304677377867,True,
7,limma_voom,gene_44,0.369352634067682,0.134267678381304,True,
7,limma_voom,gene_45,,,False,convergence
7,limma_voom,gene_46,-0.1553300575264,0.607508643700578,True,
7,limma_voom,gene_47,-0.317199489694384,0.413835098252156,True,
7,limma_voom,gene_48,0.119491048319682,0.869375514827249,True,
7,limma_voom,gene_49,0.852489696533004,0.0077787990610419,True,
8,edger_qlf,gene_0,,,False,convergence
8,edger_qlf,gene_1,,,False,convergence
8,edger_qlf,gene_2,,,False,convergence
8,edger_qlf,gene_3,0.325775922342345,0.616563645054369,True,
8,edger_qlf,gene_4,,,False,convergence
8,edger_qlf,gene_5,-0.934513783101459,0.0773062060019392,True,
8,edger_qlf,gene_6,,,False,convergence
8,edger_qlf,gene_7,-0.0063112587375797,0.973796817487192,True,
8,edger_qlf,gene_8,0.16257073754175,0.404856658244903,True,
8,edger_qlf,gene_9,-0.0216458297203632,0.915160110575667,True,
8,edger_qlf,gene_10,0.103617056166001,0.64091140158069,True,
8,edger_qlf,gene_11,0.440593555767983,0.433637730224654,True,
8,edger_qlf,gene_12,-0.184817722452074,0.334988929837979,True,
8,edger_qlf,gene_13,-0.279429202317692,0.179782145374747,True,
8,edger_qlf,gene_14,-1.63538782552496,0.0815102695220384,True,
8,edger_qlf,gene_15,0.0009535412772605,0.996919189403749,True,
8,edger_qlf,gene_16,0.362104378819478,0.450749007361776,True,
8,edger_qlf,gene_17,0.13080520687967,0.533725832734234,True,
8,edger_qlf,gene_18,0.543047633868837,0.606984138192059,True,
8,edger_qlf,gene_19,0.770885930566225,0.210762575544032,True,
8,edger_qlf,gene_20,-0.332107524174847,0.282515687895345,True,
8,edger_qlf,gene_21,-0.167573212811988,0.621562457945598,True,
8,edger_qlf,gene_22,,,False,convergence
8,edger_qlf,gene_23,0.130100009541857,0.664569802616683,True,
8,edger_qlf,gene_24,0.507743360051038,0.301259242786424,True,
8,edger_qlf,gene_25,-0.382696776582625,0.520015832238529,True,
8,edger_qlf,gene_26,-0.677262814162692,0.220177536222334,True,
8,edger_qlf,gene_27,0.377832333065506,0.278486249271486,True,
8,edger_qlf,gene_28,,,False,convergence
8,edger_qlf,gene_29,0.55860936312102,0.0568807758957864,True,
8,edger_qlf,gene_30,-1.40433837512581,0.37313360626312,True,
8,edger_qlf,gene_31,,,False,convergence
8,edger_qlf,gene_32,-0.27204940827144,0.550294110152038,True,
8,edger_qlf,gene_33,0.222755633816413,0.234494851856909,True,
8,edger_qlf,gene_34,0.891111360463188,0.236263359244229,True,
8,edger_qlf,gene_35,0.254425148842513,0.18278556508218,True,
8,edger_qlf,gene_36,-0.135094128244195,0.506342943416,True,
8,edger_qlf,gene_37,-0.563571363282062,0.616843028180539,True,
8,edger_qlf,gene_38,,,False,convergence
8,edger_qlf,gene_39,,,False,convergence
8,edger_qlf,gene_40,0.008494258465984,0.964732321236074,True,
8,edger_qlf,gene_41,,,False,convergence
8,edger_qlf,gene_42,,,False,convergence
8,edger_qlf,gene_43,,,False,convergence
8,edger_qlf,gene_44,0.229142931339874,0.648814199740288,True,
8,edger_qlf,gene_45,-0.225508998360654,0.62894559350234,True,
8,edger_qlf,gene_46,-0.218973060300177,0.315918508611255,True,
8,edger_qlf,gene_47,0.151658567800222,0.505259375922389,True,
8,edger_qlf,gene_48,,,False,convergence
8,edger_qlf,gene_49,0.222475087373511,0.676845472861411,True,
8,limma_voom,gene_0,,,False,convergence
8,limma_voom,gene_1,,,False,convergence
8,limma_voom,gene_2,,,False,convergence
8,limma_voom,gene_3,0.352275892598201,0.572997004692984,True,
8,limma_voom,gene_4,,,False,convergence
8,limma_voom,gene_5,-0.723798706761472,0.161919082417138,True,
8,limma_voom,gene_6,,,False,convergence
8,limma_voom,gene_7,0.0133051916339702,0.941052391149936,True,
8,limma_voom,gene_8,0.191796686118844,0.289853754887485,True,
8,limma_voom,gene_9,-0.0358062018858675,0.848788264978584,True,
8,limma_voom,gene_10,0.139292256435796,0.520801922513722,True,
8,limma_voom,gene_11,0.487081717468422,0.397375259114522,True,
8,limma_voom,gene_12,-0.202476911804691,0.2603230042844,True,
8,limma_voom,gene_13,-0.230724544287016,0.234674666250806,True,
8,limma_voom,gene_14,-0.97463722827573,0.133400919317021,True,
8,limma_voom,gene_15,0.048165635230896,0.844741717812204,True,
8,limma_voom,gene_16,0.336362574567025,0.478534572699266,True,
8,limma_voom,gene_17,0.17829674613332,0.364017432221019,True,
8,limma_voom,gene_18,0.328096721203487,0.606584186857921,True,
8,limma_voom,gene_19,0.856493201525614,0.135863114340865,True,
8,limma_voom,gene_20,-0.378424691795074,0.253681025613056,True,
8,limma_voom,gene_21,-0.248200382463993,0.473504930849333,True,
8,limma_voom,gene_22,,,False,convergence
8,limma_voom,gene_23,0.119114186026242,0.701417150525932,True,
8,limma_voom,gene_24,0.662916156634388,0.176834871019987,True,
8,limma_voom,gene_25,-0.286475424127469,0.625372098419188,True,
8,limma_voom,gene_26,-0.361427472732117,0.499010932933826,True,
8,limma_voom,gene_27,0.451917366953103,0.210123022670831,True,
8,limma_voom,gene_28,,,False,convergence
8,limma_voom,gene_29,0.564036083840664,0.0407099671397365,True,
8,limma_voom,gene_30,-0.92590995204269,0.162607572750985,True,
8,limma_voom,gene_31,,,False,convergence
8,limma_voom,gene_32,-0.457009059989733,0.33004652898251,True,
8,limma_voom,gene_33,0.221597296650844,0.205317663631203,True,
8,limma_voom,gene_34,0.739391932705855,0.234729144040344,True,
8,limma_voom,gene_35,0.249075012346966,0.158204368807947,True,
8,limma_voom,gene_36,-0.140617669267869,0.45694501271779,True,
8,limma_voom,gene_37,-0.27028936453352,0.673495104191272,True,
8,limma_voom,gene_38,,,False,convergence
8,limma_voom,gene_39,,,False,convergence
8,limma_voom,gene_40,0.0353354502742702,0.844112471627916,True,
8,limma_voom,gene_41,,,False,convergence
8,limma_voom,gene_42,,,False,convergence
8,limma_voom,gene_43,,,False,convergence
8,limma_voom,gene_44,0.215657424271514,0.680216508909495,True,
8,limma_voom,gene_45,-0.360733864119223,0.465584603620494,True,
8,limma_voom,gene_46,-0.267114203787548,0.197858404077749,True,
8,limma_voom,gene_47,0.152447851332659,0.477213162712761,True,
8,limma_voom,gene_48,,,False,convergence
8,limma_voom,gene_49,0.772087084914881,0.187198461266094,True,
9,edger_qlf,gene_0,,,False,convergence
9,edger_qlf,gene_1,0.129581587367812,0.73360549379774,True,
9,edger_qlf,gene_2,,,False,convergence
9,edger_qlf,gene_3,-0.307924842467487,0.240634014487139,True,
9,edger_qlf,gene_4,0.0794817424391685,0.688404381067401,True,
9,edger_qlf,gene_5,0.54932458294302,0.485066218430777,True,
9,edger_qlf,gene_6,-0.0706530486819698,0.818707878625477,True,
9,edger_qlf,gene_7,-0.184115667873608,0.625087349095324,True,
9,edger_qlf,gene_8,0.238359302180413,0.75522942102709,True,
9,edger_qlf,gene_9,-0.38940767927111,0.786202688862549,True,
9,edger_qlf,gene_10,,,False,convergence
9,edger_qlf,gene_11,0.130142692483942,0.462213457118511,True,
9,edger_qlf,gene_12,-0.4319230754799,0.412876167031236,True,
9,edger_qlf,gene_13,0.0252122009162451,0.860027723308704,True,
9,edger_qlf,gene_14,-0.135984915215267,0.556647283298568,True,
9,edger_qlf,gene_15,-0.448390337867447,0.235675300001207,True,
9,edger_qlf,gene_16,-0.303590473072886,0.747525023922877,True,
9,edger_qlf,gene_17,0.0451496647130392,0.806917019285383,True,
9,edger_qlf,gene_18,0.262414022095414,0.749442151143412,True,
9,edger_qlf,gene_19,-0.0189581191668639,0.909288936169255,True,
9,edger_qlf,gene_20,0.397777880810589,0.643817323529526,True,
9,edger_qlf,gene_21,0.465832993965348,0.246924782015223,True,
9,edger_qlf,gene_22,,,False,convergence
9,edger_qlf,gene_23,-0.0683761621880564,0.649342206878964,True,
9,edger_qlf,gene_24,-1.10581744975122,0.041853723932223,True,
9,edger_qlf,gene_25,-0.0735502471351593,0.921451270774707,True,
9,edger_qlf,gene_26,0.0565451815418206,0.811039665583988,True,
9,edger_qlf,gene_27,,,False,convergence
9,edger_qlf,gene_28,-0.181649655301035,0.442181446814347,True,
9,edger_qlf,gene_29,,,False,convergence
9,edger_qlf,gene_30,-0.396125270094174,0.175337426871375,True,
9,edger_qlf,gene_31,0.883575546764804,0.464819918682119,True,
9,edger_qlf,gene_32,,,False,convergence
9,edger_qlf,gene_33,-0.735134847420107,0.426790997381569,True,
9,edger_qlf,gene_34,,,False,convergence
9,edger_qlf,gene_35,0.228903029171588,0.423197988037392,True,
9,edger_qlf,gene_36,-0.0215361143534346,0.963120074809885,True,
9,edger_qlf,gene_37,0.0199860471387143,0.947288946755253,True,
9,edger_qlf,gene_38,-0.326039980006902,0.448368138001807,True,
9,edger_qlf,gene_39,-0.452586388765328,0.544971758283084,True,
9,edger_qlf,gene_40,-0.0002541453058228,0.999553774509202,True,
9,edger_qlf,gene_41,0.0374444067051197,0.853244594090439,True,
9,edger_qlf,gene_42,-0.0954194867118751,0.886745752476893,True,
9,edger_qlf,gene_43,-0.863492256052438,0.519217205658961,True,
9,edger_qlf,gene_44,,,False,convergence
9,edger_qlf,gene_45,0.195620127923287,0.749616235218765,True,
9,edger_qlf,gene_46,0.252993736761631,0.816781800166843,True,
9,edger_qlf,gene_47,0.096673297832684,0.53471552999761,True,
9,edger_qlf,gene_48,,,False,convergence
9,edger_qlf,gene_49,,,False,convergence
9,limma_voom,gene_0,,,False,convergence
9,limma_voom,gene_1,0.100156384494214,0.80331086469298,True,
9,limma_voom,gene_2,,,False,convergence
9,limma_voom,gene_3,-0.233512065133858,0.390474776814377,True,
9,limma_voom,gene_4,0.0904142554006348,0.667519161111194,True,
9,limma_voom,gene_5,0.510193957052711,0.469059403220365,True,
9,limma_voom,gene_6,-0.0914472133790633,0.780715244213197,True,
9,limma_voom,gene_7,-0.236885719727205,0.554300765450384,True,
9,limma_voom,gene_8,0.60573810324396,0.386405308894322,True,
9,limma_voom,gene_9,-0.131944365038813,0.858906063617941,True,
9,limma_voom,gene_10,,,False,convergence
9,limma_voom,gene_11,0.164757724910764,0.368047606838766,True,
9,limma_voom,gene_12,-0.45079003928255,0.421536972167382,True,
9,limma_voom,gene_13,0.0348135437720215,0.787403423185767,True,
9,limma_voom,gene_14,-0.174781856916734,0.474754302435346,True,
9,limma_voom,gene_15,-0.386890467085851,0.33528545187811,True,
9,limma_voom,gene_16,-0.0763274748038065,0.916645395946355,True,
9,limma_voom,gene_17,0.0815994759143644,0.661083444152284,True,
9,limma_voom,gene_18,0.262044635743741,0.71300372345724,True,
9,limma_voom,gene_19,-0.0067327131857682,0.969621886303611,True,
9,limma_voom,gene_20,0.69368036761404,0.329930757839235,True,
9,limma_voom,gene_21,0.474950677392637,0.273989027555132,True,
9,limma_voom,gene_22,,,False,convergence
9,limma_voom,gene_23,-0.080639238974392,0.556288439853612,True,
9,limma_voom,gene_24,-0.827233834058466,0.151374062970387,True,
9,limma_voom,gene_25,0.163491965756677,0.817595685656058,True,
9,limma_voom,gene_26,0.104227540867241,0.675242261294891,True,
9,limma_voom,gene_27,,,False,convergence
9,limma_voom,gene_28,-0.196865593290523,0.433165477644563,True,
9,limma_voom,gene_29,,,False,convergence
9,limma_voom,gene_30,-0.404383273666622,0.183284276129076,True,
9,limma_voom,gene_31,0.431695954799309,0.560967235611802,True,
9,limma_voom,gene_32,,,False,convergence
9,limma_voom,gene_33,-0.93736274584412,0.195299289901071,True,
9,limma_voom,gene_34,,,False,convergence
9,limma_voom,gene_35,0.180758462980745,0.549790848027624,True,
9,limma_voom,gene_36,0.0091848711318208,0.98551239542805,True,
9,limma_voom,gene_37,-0.02993580716709,0.925755518306378,True,
9,limma_voom,gene_38,-0.336289451953537,0.464945653878107,True,
9,limma_voom,gene_39,-0.855156818619755,0.217327034448597,True,
9,limma_voom,gene_40,-0.030249010442203,0.952804355793793,True,
9,limma_voom,gene_41,0.0641991042724454,0.771213955616897,True,
9,limma_voom,gene_42,0.186781076841582,0.775752520126529,True,
9,limma_voom,gene_43,-0.650319945772875,0.381072769505517,True,
9,limma_voom,gene_44,,,False,convergence
9,limma_voom,gene_45,-0.0160311621865231,0.97960712509252,True,
9,limma_voom,gene_46,-0.109294145078214,0.88272289146999,True,
9,limma_voom,gene_47,0.10574282369155,0.512792222304331,True,
9,limma_voom,gene_48,,,False,convergence
9,limma_voom,gene_49,,,False,convergence
